Workbook

Sheet input
B1: Source: | C1: https://usa.ipums.org/usa/cpi99.shtml
B2: Data Year | C2: Income Year | D2: X | E2: CPI99 | F2: = | G2: 1999 dollars
B3: 1940 | C3: 1939 dollars | D3: X | E3: 11.986 | F3: = | G3: 1999 dollars
B4: 1950 | C4: 1949 dollars | D4: X | E4: 7 | F4: = | G4: 1999 dollars
B5: 1960 | C5: 1959 dollars | D5: X | E5: 5.725 | F5: = | G5: 1999 dollars
B6: 1970 | C6: 1969 dollars | D6: X | E6: 4.54 | F6: = | G6: 1999 dollars
B7: 1980 | C7: 1979 dollars | D7: X | E7: 2.295 | F7: = | G7: 1999 dollars
B8: 1990 | C8: 1989 dollars | D8: X | E8: 1.344 | F8: = | G8: 1999 dollars
B9: 2000 | C9: 1999 dollars | D9: X | E9: 1 | F9: = | G9: 1999 dollars
B10: 2000 (ACS) | C10: 2000 dollars | D10: X | E10: 0.967 | F10: = | G10: 1999 dollars
B11: 2001 | C11: 2001 dollars | D11: X | E11: 0.941 | F11: = | G11: 1999 dollars
B12: 2002 | C12: 2002 dollars | D12: X | E12: 0.926 | F12: = | G12: 1999 dollars
B13: 2003 | C13: 2003 dollars | D13: X | E13: 0.905 | F13: = | G13: 1999 dollars
B14: 2004 | C14: 2004 dollars | D14: X | E14: 0.882 | F14: = | G14: 1999 dollars
B15: 2005 | C15: 2005 dollars | D15: X | E15: 0.853 | F15: = | G15: 1999 dollars
B16: 2006 | C16: 2006 dollars | D16: X | E16: 0.826 | F16: = | G16: 1999 dollars
B17: 2007 | C17: 2007 dollars | D17: X | E17: 0.804 | F17: = | G17: 1999 dollars
B18: 2008 | C18: 2008 dollars | D18: X | E18: 0.774 | F18: = | G18: 1999 dollars
B19: 2009 | C19: 2009 dollars | D19: X | E19: 0.777 | F19: = | G19: 1999 dollars
B20: 2010 | C20: 2010 dollars | D20: X | E20: 0.764 | F20: = | G20: 1999 dollars
B21: 2011 | C21: 2011 dollars | D21: X | E21: 0.741 | F21: = | G21: 1999 dollars
B22: 2012 | C22: 2012 dollars | D22: X | E22: 0.726 | F22: = | G22: 1999 dollars
... B34: 2024 | C34: 2024 dollars | D34: X | E34: 0.531 | F34: = | G34: 1999 dollars

Sheet calculation
B2: data year | C2: 1999 dollars | D2: 2020 dollars
B3: 1970 | C3: =input!E6 -> 4.54 | D3: =(1/input!$E$30)*calculation!C3 -> 7.0496894
B4: 1980 | C4: =input!E7 -> 2.295 | D4: =(1/input!$E$30)*calculation!C4 -> 3.5636646
B5: 1990 | C5: =input!E8 -> 1.344 | D5: =(1/input!$E$30)*calculation!C5 -> 2.0869565
B6: 2000 | C6: =input!E9 -> 1 | D6: =(1/input!$E$30)*calculation!C6 -> 1.552795
B7: 2000 | C7: =input!E10 -> 0.967 | D7: =(1/input!$E$30)*calculation!C7 -> 1.5015528
B8: 2001 | C8: =input!E11 -> 0.941 | D8: =(1/input!$E$30)*calculation!C8 -> 1.4611801
B9: 2002 | C9: =input!E12 -> 0.926 | D9: =(1/input!$E$30)*calculation!C9 -> 1.4378882
B10: 2003 | C10: =input!E13 -> 0.905 | D10: =(1/input!$E$30)*calculation!C10 -> 1.4052795
B11: 2004 | C11: =input!E14 -> 0.882 | D11: =(1/input!$E$30)*calculation!C11 -> 1.3695652
B12: 2005 | C12: =input!E15 -> 0.853 | D12: =(1/input!$E$30)*calculation!C12 -> 1.3245342
B13: 2006 | C13: =input!E16 -> 0.826 | D13: =(1/input!$E$30)*calculation!C13 -> 1.2826087
B14: 2007 | C14: =input!E17 -> 0.804 | D14: =(1/input!$E$30)*calculation!C14 -> 1.2484472
... B31: 2024 | C31: =input!E34 -> 0.531 | D31: =(1/input!$E$30)*calculation!C31 -> 0.82453416

Sheet output
A1: source_year | B1: inflator_2020
A2: 1970 | B2: 7.0496894
A3: 1980 | B3: 3.5636646
A4: 1990 | B4: 2.0869565
A5: 2000 | B5: 1.552795
A6: 2000 | B6: 1.5015528
A7: 2001 | B7: 1.4611801
A8: 2002 | B8: 1.4378882
A9: 2003 | B9: 1.4052795
A10: 2004 | B10: 1.3695652
A11: 2005 | B11: 1.3245342
A12: 2006 | B12: 1.2826087
A13: 2007 | B13: 1.2484472
... A30: 2024 | B30: 0.82453416
