Workbook

Sheet inflation-input
B1: Source: | C1: https://usa.ipums.org/usa/cpi99.shtml
B2: Data Year | C2: Income Year | D2: X | E2: CPI99 | F2: = | G2: 1999 dollars
B3: 1940 | C3: 1939 dollars | D3: X | E3: 11.986 | F3: = | G3: 1999 dollars
B4: 1950 | C4: 1949 dollars | D4: X | E4: 7 | F4: = | G4: 1999 dollars
B5: 1960 | C5: 1959 dollars | D5: X | E5: 5.725 | F5: = | G5: 1999 dollars
B6: 1970 | C6: 1969 dollars | D6: X | E6: 4.54 | F6: = | G6: 1999 dollars
B7: 1980 | C7: 1979 dollars | D7: X | E7: 2.295 | F7: = | G7: 1999 dollars
B8: 1990 | C8: 1989 dollars | D8: X | E8: 1.344 | F8: = | G8: 1999 dollars
B9: 2000 | C9: 1999 dollars | D9: X | E9: 1 | F9: = | G9: 1999 dollars
B10: 2000 (ACS) | C10: 2000 dollars | D10: X | E10: 0.967 | F10: = | G10: 1999 dollars
B11: 2001 | C11: 2001 dollars | D11: X | E11: 0.941 | F11: = | G11: 1999 dollars
B12: 2002 | C12: 2002 dollars | D12: X | E12: 0.926 | F12: = | G12: 1999 dollars
B13: 2003 | C13: 2003 dollars | D13: X | E13: 0.905 | F13: = | G13: 1999 dollars
B14: 2004 | C14: 2004 dollars | D14: X | E14: 0.882 | F14: = | G14: 1999 dollars
B15: 2005 | C15: 2005 dollars | D15: X | E15: 0.853 | F15: = | G15: 1999 dollars
B16: 2006 | C16: 2006 dollars | D16: X | E16: 0.826 | F16: = | G16: 1999 dollars
B17: 2007 | C17: 2007 dollars | D17: X | E17: 0.804 | F17: = | G17: 1999 dollars
B18: 2008 | C18: 2008 dollars | D18: X | E18: 0.774 | F18: = | G18: 1999 dollars
B19: 2009 | C19: 2009 dollars | D19: X | E19: 0.777 | F19: = | G19: 1999 dollars
B20: 2010 | C20: 2010 dollars | D20: X | E20: 0.764 | F20: = | G20: 1999 dollars
B21: 2011 | C21: 2011 dollars | D21: X | E21: 0.741 | F21: = | G21: 1999 dollars
B22: 2012 | C22: 2012 dollars | D22: X | E22: 0.726 | F22: = | G22: 1999 dollars
... B34: 2024 | C34: 2024 dollars | D34: X | E34: 0.531 | F34: = | G34: 1999 dollars

Sheet inflation-calc
B2: data year | C2: 1999 dollars | D2: 2020 dollars
B3: 1970 | C3: ='inflation-input'!E6 -> 4.54 | D3: =(1/'inflation-input'!$E$30)*'inflation-calc'!C3 -> 7.0496894
B4: 1980 | C4: ='inflation-input'!E7 -> 2.295 | D4: =(1/'inflation-input'!$E$30)*'inflation-calc'!C4 -> 3.5636646
B5: 1990 | C5: ='inflation-input'!E8 -> 1.344 | D5: =(1/'inflation-input'!$E$30)*'inflation-calc'!C5 -> 2.0869565
B6: 2000 | C6: ='inflation-input'!E9 -> 1 | D6: =(1/'inflation-input'!$E$30)*'inflation-calc'!C6 -> 1.552795 | E6: I use the census version rather than the ACS version for 2000
B7: 2001 | C7: ='inflation-input'!E11 -> 0.941 | D7: =(1/'inflation-input'!$E$30)*'inflation-calc'!C7 -> 1.4611801
B8: 2002 | C8: ='inflation-input'!E12 -> 0.926 | D8: =(1/'inflation-input'!$E$30)*'inflation-calc'!C8 -> 1.4378882
B9: 2003 | C9: ='inflation-input'!E13 -> 0.905 | D9: =(1/'inflation-input'!$E$30)*'inflation-calc'!C9 -> 1.4052795
B10: 2004 | C10: ='inflation-input'!E14 -> 0.882 | D10: =(1/'inflation-input'!$E$30)*'inflation-calc'!C10 -> 1.3695652
B11: 2005 | C11: ='inflation-input'!E15 -> 0.853 | D11: =(1/'inflation-input'!$E$30)*'inflation-calc'!C11 -> 1.3245342
B12: 2006 | C12: ='inflation-input'!E16 -> 0.826 | D12: =(1/'inflation-input'!$E$30)*'inflation-calc'!C12 -> 1.2826087
B13: 2007 | C13: ='inflation-input'!E17 -> 0.804 | D13: =(1/'inflation-input'!$E$30)*'inflation-calc'!C13 -> 1.2484472
B14: 2008 | C14: ='inflation-input'!E18 -> 0.774 | D14: =(1/'inflation-input'!$E$30)*'inflation-calc'!C14 -> 1.2018634
B15: 2009 | C15: ='inflation-input'!E19 -> 0.777 | D15: =(1/'inflation-input'!$E$30)*'inflation-calc'!C15 -> 1.2065217
B16: 2010 | C16: ='inflation-input'!E20 -> 0.764 | D16: =(1/'inflation-input'!$E$30)*'inflation-calc'!C16 -> 1.1863354
B17: 2011 | C17: ='inflation-input'!E21 -> 0.741 | D17: =(1/'inflation-input'!$E$30)*'inflation-calc'!C17 -> 1.1506211
B18: 2012 | C18: ='inflation-input'!E22 -> 0.726 | D18: =(1/'inflation-input'!$E$30)*'inflation-calc'!C18 -> 1.1273292
... B30: 2024 | C30: ='inflation-input'!E34 -> 0.531 | D30: =(1/'inflation-input'!$E$30)*'inflation-calc'!C30 -> 0.82453416

Sheet inflation-output
A1: YEAR | B1: inflator_2020
A2: 1970 | B2: 7.0496894
A3: 1980 | B3: 3.5636646
A4: 1990 | B4: 2.0869565
A5: 2000 | B5: 1.552795
A6: 2001 | B6: 1.4611801
A7: 2002 | B7: 1.4378882
A8: 2003 | B8: 1.4052795
A9: 2004 | B9: 1.3695652
A10: 2005 | B10: 1.3245342
A11: 2006 | B11: 1.2826087
A12: 2007 | B12: 1.2484472
A13: 2008 | B13: 1.2018634
... A29: 2024 | B29: 0.82453416

Sheet topcode-input
A1: source: | B1: https://usa.ipums.org/usa-action/variables/INCTOT#codes_section
A2: Census | B2: Bottom Code | C2: Top Code
A3: 1950 | B3: Net loss | C3: 10000
A4: 1960 | B4: -9900 | C4: 25000
A5: 1970 | B5: -9900 | C5: 50000
A6: 1980 | B6: -9990 | C6: 75000
A7: 1990 | B7: -19998 | C7: $400,000*
A8: 2000 | B8: -20000 | C8: 999998
A9: ACS | B9: -19998 | C9: -
A10: PRCS | B10: -19998 | C10: -

Sheet topcode-calc
B1: to harmonize encoding across years, we pull the largest bottom code and the smallest top code and apply it to all other data.
B2: We round the bottom code to -$16,000 and the top code to $250,000
A4: year | B4: bottom code ($contemp) | C4: top code ($contemp) | D4: inflator_2020 | E4: bottom code ($2020) | F4: top code ($2020) | G4: unified bottom code ($2020) | H4: unified top code ($2020)
A5: 1970 | B5: -9900 | C5: 50000 | D5: ='inflation-output'!B2 -> 7.0496894 | E5: =B5*$D5 -> -69791.925 | F5: =C5*$D5 -> 352484.47 | G5: =MAX(E$5:E$32) -> -16489.034 | H5: =MIN(F$5:F$32) -> 267274.84
A6: 1980 | B6: -9990 | C6: 75000 | D6: ='inflation-output'!B3 -> 3.5636646 | E6: =B6*$D6 -> -35601.009 | F6: =C6*$D6 -> 267274.84 | G6: =MAX(E$5:E$32) -> -16489.034 | H6: =MIN(F$5:F$32) -> 267274.84
A7: 1990 | B7: -19998 | C7: 400000 | D7: ='inflation-output'!B4 -> 2.0869565 | E7: =B7*$D7 -> -41734.957 | F7: =C7*$D7 -> 834782.61 | G7: =MAX(E$5:E$32) -> -16489.034 | H7: =MIN(F$5:F$32) -> 267274.84
A8: 2000 | B8: -20000 | C8: 999998 | D8: ='inflation-output'!B5 -> 1.552795 | E8: =B8*$D8 -> -31055.901 | F8: =C8*$D8 -> 1552791.9 | G8: =MAX(E$5:E$32) -> -16489.034 | H8: =MIN(F$5:F$32) -> 267274.84
A9: 2001 | B9: -19998 | D9: ='inflation-output'!B6 -> 1.4611801 | E9: =B9*$D9 -> -29220.68 | G9: =MAX(E$5:E$32) -> -16489.034 | H9: =MIN(F$5:F$32) -> 267274.84
A10: 2002 | B10: -19998 | D10: ='inflation-output'!B7 -> 1.4378882 | E10: =B10*$D10 -> -28754.888 | G10: =MAX(E$5:E$32) -> -16489.034 | H10: =MIN(F$5:F$32) -> 267274.84
A11: 2003 | B11: -19998 | D11: ='inflation-output'!B8 -> 1.4052795 | E11: =B11*$D11 -> -28102.78 | G11: =MAX(E$5:E$32) -> -16489.034 | H11: =MIN(F$5:F$32) -> 267274.84
A12: 2004 | B12: -19998 | D12: ='inflation-output'!B9 -> 1.3695652 | E12: =B12*$D12 -> -27388.565 | G12: =MAX(E$5:E$32) -> -16489.034 | H12: =MIN(F$5:F$32) -> 267274.84
A13: 2005 | B13: -19998 | D13: ='inflation-output'!B10 -> 1.3245342 | E13: =B13*$D13 -> -26488.034 | G13: =MAX(E$5:E$32) -> -16489.034 | H13: =MIN(F$5:F$32) -> 267274.84
A14: 2006 | B14: -19998 | D14: ='inflation-output'!B11 -> 1.2826087 | E14: =B14*$D14 -> -25649.609 | G14: =MAX(E$5:E$32) -> -16489.034 | H14: =MIN(F$5:F$32) -> 267274.84
A15: 2007 | B15: -19998 | D15: ='inflation-output'!B12 -> 1.2484472 | E15: =B15*$D15 -> -24966.447 | G15: =MAX(E$5:E$32) -> -16489.034 | H15: =MIN(F$5:F$32) -> 267274.84
A16: 2008 | B16: -19998 | D16: ='inflation-output'!B13 -> 1.2018634 | E16: =B16*$D16 -> -24034.863 | G16: =MAX(E$5:E$32) -> -16489.034 | H16: =MIN(F$5:F$32) -> 267274.84
A17: 2009 | B17: -19998 | D17: ='inflation-output'!B14 -> 1.2065217 | E17: =B17*$D17 -> -24128.022 | G17: =MAX(E$5:E$32) -> -16489.034 | H17: =MIN(F$5:F$32) -> 267274.84
A18: 2010 | B18: -19998 | D18: ='inflation-output'!B15 -> 1.1863354 | E18: =B18*$D18 -> -23724.335 | G18: =MAX(E$5:E$32) -> -16489.034 | H18: =MIN(F$5:F$32) -> 267274.84
A19: 2011 | B19: -19998 | D19: ='inflation-output'!B16 -> 1.1506211 | E19: =B19*$D19 -> -23010.121 | G19: =MAX(E$5:E$32) -> -16489.034 | H19: =MIN(F$5:F$32) -> 267274.84
A20: 2012 | B20: -19998 | D20: ='inflation-output'!B17 -> 1.1273292 | E20: =B20*$D20 -> -22544.329 | G20: =MAX(E$5:E$32) -> -16489.034 | H20: =MIN(F$5:F$32) -> 267274.84
... A32: 2024 | B32: -19998 | D32: ='inflation-output'!B29 -> 0.82453416 | E32: =B32*$D32 -> -16489.034 | G32: =MAX(E$5:E$32) -> -16489.034 | H32: =MIN(F$5:F$32) -> 267274.84
